,model_loss,model_accuracy
0,0.2895240332223731,0.8832951784133911
