,gs_train_score,gr_test_score
0,0.876215906923517,0.8758581235697941
