,lr_train_score,lr_test_score
0,0.8411214953271028,0.8409610983981693
